matrix	kernel	threads	sched	part	ms	gflops	gbs	check
ecology2	csr-seq	-	-	-	2.2796	4.38	29.8	base
ecology2	ell-seq	-	-	-	1.9186	5.21	33.4	PASS
ecology2	csr-omp	1	static	row	2.5101	3.98	27.1	PASS
ecology2	csr-omp	1	dynamic,16	row	2.7009	3.70	25.2	PASS
ecology2	csr-omp	1	dynamic,64	row	2.6541	3.76	25.6	PASS
ecology2	csr-omp	1	dynamic,256	row	2.5931	3.85	26.2	PASS
ecology2	csr-omp	1	guided	row	2.5207	3.96	27.0	PASS
ecology2	csr-omp	1	any	nnz	2.5343	3.94	26.8	PASS
ecology2	csr-omp	2	static	row	1.2255	8.15	55.4	PASS
ecology2	csr-omp	2	dynamic,16	row	9.2804	1.08	7.3	PASS
ecology2	csr-omp	2	dynamic,64	row	3.2802	3.05	20.7	PASS
ecology2	csr-omp	2	dynamic,256	row	2.2808	4.38	29.8	PASS
ecology2	csr-omp	2	guided	row	1.1840	8.44	57.4	PASS
ecology2	csr-omp	2	any	nnz	1.4733	6.78	46.1	PASS
ecology2	csr-omp	4	static	row	0.6225	16.05	109.2	PASS
ecology2	csr-omp	4	dynamic,16	row	5.2101	1.92	13.0	PASS
ecology2	csr-omp	4	dynamic,64	row	2.0760	4.81	32.7	PASS
ecology2	csr-omp	4	dynamic,256	row	1.0975	9.10	61.9	PASS
ecology2	csr-omp	4	guided	row	0.6204	16.11	109.5	PASS
ecology2	csr-omp	4	any	nnz	0.9820	10.17	69.2	PASS
ecology2	csr-omp	8	static	row	0.3232	30.92	210.3	PASS
ecology2	csr-omp	8	dynamic,16	row	2.5291	3.95	26.9	PASS
ecology2	csr-omp	8	dynamic,64	row	1.0673	9.36	63.7	PASS
ecology2	csr-omp	8	dynamic,256	row	0.5912	16.90	114.9	PASS
ecology2	csr-omp	8	guided	row	0.3385	29.52	200.7	PASS
ecology2	csr-omp	8	any	nnz	0.7420	13.47	91.6	PASS
ecology2	csr-omp	16	static	row	0.2103	47.51	323.1	PASS
ecology2	csr-omp	16	dynamic,16	row	1.6877	5.92	40.3	PASS
ecology2	csr-omp	16	dynamic,64	row	0.6524	15.32	104.2	PASS
ecology2	csr-omp	16	dynamic,256	row	0.3643	27.43	186.5	PASS
ecology2	csr-omp	16	guided	row	0.2477	40.34	274.4	PASS
ecology2	csr-omp	16	any	nnz	0.6646	15.03	102.2	PASS
ecology2	ell-omp	1	static	row	2.0513	4.87	31.2	PASS
ecology2	ell-omp	1	dynamic,16	row	2.1575	4.63	29.7	PASS
ecology2	ell-omp	1	dynamic,64	row	2.0796	4.80	30.8	PASS
ecology2	ell-omp	1	dynamic,256	row	2.0970	4.76	30.5	PASS
ecology2	ell-omp	1	guided	row	2.0261	4.93	31.6	PASS
ecology2	ell-omp	1	any	nnz	2.2874	4.37	28.0	PASS
ecology2	ell-omp	2	static	row	0.9850	10.14	65.0	PASS
ecology2	ell-omp	2	dynamic,16	row	9.2565	1.08	6.9	PASS
ecology2	ell-omp	2	dynamic,64	row	3.1091	3.21	20.6	PASS
ecology2	ell-omp	2	dynamic,256	row	2.0249	4.93	31.6	PASS
ecology2	ell-omp	2	guided	row	0.9881	10.11	64.8	PASS
ecology2	ell-omp	2	any	nnz	1.3787	7.25	46.4	PASS
ecology2	ell-omp	4	static	row	0.5097	19.60	125.6	PASS
ecology2	ell-omp	4	dynamic,16	row	5.4305	1.84	11.8	PASS
ecology2	ell-omp	4	dynamic,64	row	1.8091	5.52	35.4	PASS
ecology2	ell-omp	4	dynamic,256	row	0.9623	10.38	66.5	PASS
ecology2	ell-omp	4	guided	row	0.5014	19.93	127.6	PASS
ecology2	ell-omp	4	any	nnz	0.9336	10.70	68.6	PASS
ecology2	ell-omp	8	static	row	0.2618	38.17	244.5	PASS
ecology2	ell-omp	8	dynamic,16	row	2.5324	3.95	25.3	PASS
ecology2	ell-omp	8	dynamic,64	row	0.9144	10.93	70.0	PASS
ecology2	ell-omp	8	dynamic,256	row	0.5147	19.41	124.4	PASS
ecology2	ell-omp	8	guided	row	0.2658	37.59	240.7	PASS
ecology2	ell-omp	8	any	nnz	0.7146	13.98	89.6	PASS
ecology2	ell-omp	16	static	row	0.1681	59.43	380.7	PASS
ecology2	ell-omp	16	dynamic,16	row	1.7072	5.85	37.5	PASS
ecology2	ell-omp	16	dynamic,64	row	0.5531	18.07	115.7	PASS
ecology2	ell-omp	16	dynamic,256	row	0.3116	32.06	205.4	PASS
ecology2	ell-omp	16	guided	row	0.2158	46.31	296.6	PASS
ecology2	ell-omp	16	any	nnz	0.6222	16.06	102.9	PASS
atmosmodd	csr-seq	-	-	-	3.5380	4.98	32.8	base
atmosmodd	ell-seq	-	-	-	3.1856	5.53	35.1	PASS
atmosmodd	csr-omp	1	static	row	3.5904	4.91	32.3	PASS
atmosmodd	csr-omp	1	dynamic,16	row	4.0422	4.36	28.7	PASS
atmosmodd	csr-omp	1	dynamic,64	row	3.8859	4.54	29.8	PASS
atmosmodd	csr-omp	1	dynamic,256	row	3.9483	4.47	29.4	PASS
atmosmodd	csr-omp	1	guided	row	3.5810	4.92	32.4	PASS
atmosmodd	csr-omp	1	any	nnz	3.8631	4.56	30.0	PASS
atmosmodd	csr-omp	2	static	row	1.8621	9.47	62.3	PASS
atmosmodd	csr-omp	2	dynamic,16	row	12.8604	1.37	9.0	PASS
atmosmodd	csr-omp	2	dynamic,64	row	5.7332	3.08	20.2	PASS
atmosmodd	csr-omp	2	dynamic,256	row	3.3328	5.29	34.8	PASS
atmosmodd	csr-omp	2	guided	row	1.8928	9.31	61.3	PASS
atmosmodd	csr-omp	2	any	nnz	2.2903	7.70	50.6	PASS
atmosmodd	csr-omp	4	static	row	0.9904	17.80	117.1	PASS
atmosmodd	csr-omp	4	dynamic,16	row	9.5953	1.84	12.1	PASS
atmosmodd	csr-omp	4	dynamic,64	row	3.5859	4.92	32.3	PASS
atmosmodd	csr-omp	4	dynamic,256	row	1.6502	10.68	70.3	PASS
atmosmodd	csr-omp	4	guided	row	0.9772	18.04	118.6	PASS
atmosmodd	csr-omp	4	any	nnz	1.4708	11.99	78.8	PASS
atmosmodd	csr-omp	8	static	row	0.5318	33.15	218.0	PASS
atmosmodd	csr-omp	8	dynamic,16	row	6.0325	2.92	19.2	PASS
atmosmodd	csr-omp	8	dynamic,64	row	2.1040	8.38	55.1	PASS
atmosmodd	csr-omp	8	dynamic,256	row	0.9117	19.34	127.2	PASS
atmosmodd	csr-omp	8	guided	row	0.5340	33.02	217.1	PASS
atmosmodd	csr-omp	8	any	nnz	1.1160	15.80	103.9	PASS
atmosmodd	csr-omp	16	static	row	0.3688	47.81	314.4	PASS
atmosmodd	csr-omp	16	dynamic,16	row	3.2735	5.39	35.4	PASS
atmosmodd	csr-omp	16	dynamic,64	row	1.2926	13.64	89.7	PASS
atmosmodd	csr-omp	16	dynamic,256	row	0.6001	29.38	193.2	PASS
atmosmodd	csr-omp	16	guided	row	0.4376	40.29	265.0	PASS
atmosmodd	csr-omp	16	any	nnz	0.9379	18.80	123.6	PASS
atmosmodd	ell-omp	1	static	row	3.1140	5.66	35.9	PASS
atmosmodd	ell-omp	1	dynamic,16	row	3.4061	5.18	32.8	PASS
atmosmodd	ell-omp	1	dynamic,64	row	3.2019	5.51	34.9	PASS
atmosmodd	ell-omp	1	dynamic,256	row	3.2009	5.51	34.9	PASS
atmosmodd	ell-omp	1	guided	row	3.0856	5.71	36.2	PASS
atmosmodd	ell-omp	1	any	nnz	3.4960	5.04	32.0	PASS
atmosmodd	ell-omp	2	static	row	1.5993	11.02	69.9	PASS
atmosmodd	ell-omp	2	dynamic,16	row	12.7976	1.38	8.7	PASS
atmosmodd	ell-omp	2	dynamic,64	row	4.6745	3.77	23.9	PASS
atmosmodd	ell-omp	2	dynamic,256	row	2.9550	5.97	37.8	PASS
atmosmodd	ell-omp	2	guided	row	1.6941	10.41	66.0	PASS
atmosmodd	ell-omp	2	any	nnz	2.1501	8.20	52.0	PASS
atmosmodd	ell-omp	4	static	row	0.8558	20.60	130.6	PASS
atmosmodd	ell-omp	4	dynamic,16	row	8.8306	2.00	12.7	PASS
atmosmodd	ell-omp	4	dynamic,64	row	2.8001	6.30	39.9	PASS
atmosmodd	ell-omp	4	dynamic,256	row	1.4360	12.28	77.9	PASS
atmosmodd	ell-omp	4	guided	row	0.8411	20.96	132.9	PASS
atmosmodd	ell-omp	4	any	nnz	1.4260	12.36	78.4	PASS
atmosmodd	ell-omp	8	static	row	0.4560	38.66	245.2	PASS
atmosmodd	ell-omp	8	dynamic,16	row	5.1971	3.39	21.5	PASS
atmosmodd	ell-omp	8	dynamic,64	row	1.7651	9.99	63.3	PASS
atmosmodd	ell-omp	8	dynamic,256	row	0.8112	21.73	137.8	PASS
atmosmodd	ell-omp	8	guided	row	0.4739	37.20	235.9	PASS
atmosmodd	ell-omp	8	any	nnz	1.0248	17.20	109.1	PASS
atmosmodd	ell-omp	16	static	row	0.3088	57.10	362.1	PASS
atmosmodd	ell-omp	16	dynamic,16	row	2.7753	6.35	40.3	PASS
atmosmodd	ell-omp	16	dynamic,64	row	1.1149	15.81	100.3	PASS
atmosmodd	ell-omp	16	dynamic,256	row	0.5078	34.72	220.2	PASS
atmosmodd	ell-omp	16	guided	row	0.3908	45.11	286.1	PASS
atmosmodd	ell-omp	16	any	nnz	0.9103	19.37	122.8	PASS
lp_wood1p	csr-seq	-	-	-	0.0327	4.30	25.8	base
lp_wood1p	ell-seq	-	-	-	0.3016	0.47	25.2	PASS
lp_wood1p	csr-omp	1	static	row	0.0325	4.32	26.0	PASS
lp_wood1p	csr-omp	1	dynamic,16	row	0.0329	4.27	25.7	PASS
lp_wood1p	csr-omp	1	dynamic,64	row	0.0327	4.30	25.8	PASS
lp_wood1p	csr-omp	1	dynamic,256	row	0.0327	4.29	25.8	PASS
lp_wood1p	csr-omp	1	guided	row	0.0327	4.30	25.9	PASS
lp_wood1p	csr-omp	1	any	nnz	0.0324	4.33	26.0	PASS
lp_wood1p	csr-omp	2	static	row	0.0226	6.22	37.4	PASS
lp_wood1p	csr-omp	2	dynamic,16	row	0.0195	7.20	43.3	PASS
lp_wood1p	csr-omp	2	dynamic,64	row	0.0212	6.63	39.8	PASS
lp_wood1p	csr-omp	2	dynamic,256	row	0.0336	4.18	25.1	PASS
lp_wood1p	csr-omp	2	guided	row	0.0183	7.65	46.0	PASS
lp_wood1p	csr-omp	2	any	nnz	0.0182	7.73	46.5	PASS
lp_wood1p	csr-omp	4	static	row	0.0168	8.36	50.3	PASS
lp_wood1p	csr-omp	4	dynamic,16	row	0.0120	11.67	70.2	PASS
lp_wood1p	csr-omp	4	dynamic,64	row	0.0158	8.87	53.4	PASS
lp_wood1p	csr-omp	4	dynamic,256	row	0.0338	4.16	25.0	PASS
lp_wood1p	csr-omp	4	guided	row	0.0105	13.41	80.7	PASS
lp_wood1p	csr-omp	4	any	nnz	0.0108	13.00	78.2	PASS
lp_wood1p	csr-omp	8	static	row	0.0118	11.92	71.7	PASS
lp_wood1p	csr-omp	8	dynamic,16	row	0.0085	16.48	99.1	PASS
lp_wood1p	csr-omp	8	dynamic,64	row	0.0156	9.01	54.2	PASS
lp_wood1p	csr-omp	8	dynamic,256	row	0.0347	4.04	24.3	PASS
lp_wood1p	csr-omp	8	guided	row	0.0075	18.69	112.4	PASS
lp_wood1p	csr-omp	8	any	nnz	0.0073	19.29	116.0	PASS
lp_wood1p	csr-omp	16	static	row	0.0090	15.62	94.0	PASS
lp_wood1p	csr-omp	16	dynamic,16	row	0.0078	17.92	107.8	PASS
lp_wood1p	csr-omp	16	dynamic,64	row	0.0169	8.32	50.0	PASS
lp_wood1p	csr-omp	16	dynamic,256	row	0.0349	4.03	24.2	PASS
lp_wood1p	csr-omp	16	guided	row	0.0076	18.56	111.6	PASS
lp_wood1p	csr-omp	16	any	nnz	0.0051	27.48	165.2	PASS
lp_wood1p	ell-omp	1	static	row	0.3039	0.46	25.0	PASS
lp_wood1p	ell-omp	1	dynamic,16	row	0.3044	0.46	24.9	PASS
lp_wood1p	ell-omp	1	dynamic,64	row	0.3041	0.46	25.0	PASS
lp_wood1p	ell-omp	1	dynamic,256	row	0.3021	0.46	25.1	PASS
lp_wood1p	ell-omp	1	guided	row	0.3021	0.46	25.1	PASS
lp_wood1p	ell-omp	1	any	nnz	0.3034	0.46	25.0	PASS
lp_wood1p	ell-omp	2	static	row	0.1530	0.92	49.6	PASS
lp_wood1p	ell-omp	2	dynamic,16	row	0.1614	0.87	47.0	PASS
lp_wood1p	ell-omp	2	dynamic,64	row	0.1602	0.88	47.4	PASS
lp_wood1p	ell-omp	2	dynamic,256	row	0.3031	0.46	25.0	PASS
lp_wood1p	ell-omp	2	guided	row	0.1537	0.91	49.4	PASS
lp_wood1p	ell-omp	2	any	nnz	0.2224	0.63	34.1	PASS
lp_wood1p	ell-omp	4	static	row	0.0783	1.79	96.9	PASS
lp_wood1p	ell-omp	4	dynamic,16	row	0.0823	1.71	92.2	PASS
lp_wood1p	ell-omp	4	dynamic,64	row	0.0824	1.70	92.1	PASS
lp_wood1p	ell-omp	4	dynamic,256	row	0.3035	0.46	25.0	PASS
lp_wood1p	ell-omp	4	guided	row	0.0790	1.78	96.1	PASS
lp_wood1p	ell-omp	4	any	nnz	0.1124	1.25	67.5	PASS
lp_wood1p	ell-omp	8	static	row	0.0416	3.37	182.4	PASS
lp_wood1p	ell-omp	8	dynamic,16	row	0.0434	3.24	175.0	PASS
lp_wood1p	ell-omp	8	dynamic,64	row	0.0814	1.72	93.2	PASS
lp_wood1p	ell-omp	8	dynamic,256	row	0.3039	0.46	25.0	PASS
lp_wood1p	ell-omp	8	guided	row	0.0422	3.33	180.0	PASS
lp_wood1p	ell-omp	8	any	nnz	0.0652	2.15	116.4	PASS
lp_wood1p	ell-omp	16	static	row	0.0250	5.63	304.1	PASS
lp_wood1p	ell-omp	16	dynamic,16	row	0.0255	5.51	298.0	PASS
lp_wood1p	ell-omp	16	dynamic,64	row	0.0833	1.69	91.2	PASS
lp_wood1p	ell-omp	16	dynamic,256	row	0.3054	0.46	24.9	PASS
lp_wood1p	ell-omp	16	guided	row	0.0266	5.28	285.5	PASS
lp_wood1p	ell-omp	16	any	nnz	0.0396	3.54	191.5	PASS
heart1	csr-seq	-	-	-	0.6146	4.52	27.1	base
heart1	ell-seq	-	-	-	1.8703	1.48	25.6	PASS
heart1	csr-omp	1	static	row	0.6134	4.52	27.2	PASS
heart1	csr-omp	1	dynamic,16	row	0.6131	4.53	27.2	PASS
heart1	csr-omp	1	dynamic,64	row	0.6077	4.57	27.4	PASS
heart1	csr-omp	1	dynamic,256	row	0.6081	4.56	27.4	PASS
heart1	csr-omp	1	guided	row	0.6072	4.57	27.5	PASS
heart1	csr-omp	1	any	nnz	0.6057	4.58	27.5	PASS
heart1	csr-omp	2	static	row	0.3064	9.06	54.5	PASS
heart1	csr-omp	2	dynamic,16	row	0.3257	8.52	51.2	PASS
heart1	csr-omp	2	dynamic,64	row	0.3136	8.85	53.2	PASS
heart1	csr-omp	2	dynamic,256	row	0.3152	8.81	52.9	PASS
heart1	csr-omp	2	guided	row	0.3062	9.06	54.5	PASS
heart1	csr-omp	2	any	nnz	0.3057	9.08	54.6	PASS
heart1	csr-omp	4	static	row	0.1631	17.01	102.3	PASS
heart1	csr-omp	4	dynamic,16	row	0.1650	16.82	101.1	PASS
heart1	csr-omp	4	dynamic,64	row	0.1625	17.08	102.6	PASS
heart1	csr-omp	4	dynamic,256	row	0.1813	15.31	92.0	PASS
heart1	csr-omp	4	guided	row	0.1555	17.85	107.3	PASS
heart1	csr-omp	4	any	nnz	0.1548	17.93	107.8	PASS
heart1	csr-omp	8	static	row	0.0987	28.11	168.9	PASS
heart1	csr-omp	8	dynamic,16	row	0.0840	33.02	198.5	PASS
heart1	csr-omp	8	dynamic,64	row	0.0873	31.80	191.2	PASS
heart1	csr-omp	8	dynamic,256	row	0.1011	27.45	165.0	PASS
heart1	csr-omp	8	guided	row	0.0815	34.07	204.8	PASS
heart1	csr-omp	8	any	nnz	0.0820	33.85	203.4	PASS
heart1	csr-omp	16	static	row	0.0544	50.98	306.4	PASS
heart1	csr-omp	16	dynamic,16	row	0.0593	46.82	281.4	PASS
heart1	csr-omp	16	dynamic,64	row	0.0590	47.06	282.9	PASS
heart1	csr-omp	16	dynamic,256	row	0.0621	44.71	268.7	PASS
heart1	csr-omp	16	guided	row	0.0531	52.28	314.2	PASS
heart1	csr-omp	16	any	nnz	0.0487	56.99	342.5	PASS
heart1	ell-omp	1	static	row	1.8650	1.49	25.6	PASS
heart1	ell-omp	1	dynamic,16	row	1.8720	1.48	25.5	PASS
heart1	ell-omp	1	dynamic,64	row	1.8849	1.47	25.4	PASS
heart1	ell-omp	1	dynamic,256	row	1.8762	1.48	25.5	PASS
heart1	ell-omp	1	guided	row	1.8715	1.48	25.6	PASS
heart1	ell-omp	1	any	nnz	1.8843	1.47	25.4	PASS
heart1	ell-omp	2	static	row	0.9402	2.95	50.9	PASS
heart1	ell-omp	2	dynamic,16	row	0.9594	2.89	49.8	PASS
heart1	ell-omp	2	dynamic,64	row	0.9493	2.92	50.4	PASS
heart1	ell-omp	2	dynamic,256	row	0.9419	2.95	50.8	PASS
heart1	ell-omp	2	guided	row	0.9397	2.95	50.9	PASS
heart1	ell-omp	2	any	nnz	0.9420	2.95	50.8	PASS
heart1	ell-omp	4	static	row	0.4713	5.89	101.5	PASS
heart1	ell-omp	4	dynamic,16	row	0.4818	5.76	99.3	PASS
heart1	ell-omp	4	dynamic,64	row	0.4763	5.83	100.4	PASS
heart1	ell-omp	4	dynamic,256	row	0.5398	5.14	88.6	PASS
heart1	ell-omp	4	guided	row	0.4726	5.87	101.2	PASS
heart1	ell-omp	4	any	nnz	0.5004	5.55	95.6	PASS
heart1	ell-omp	8	static	row	0.2385	11.64	200.5	PASS
heart1	ell-omp	8	dynamic,16	row	0.2445	11.35	195.6	PASS
heart1	ell-omp	8	dynamic,64	row	0.2415	11.49	198.0	PASS
heart1	ell-omp	8	dynamic,256	row	0.2741	10.13	174.5	PASS
heart1	ell-omp	8	guided	row	0.2392	11.61	199.9	PASS
heart1	ell-omp	8	any	nnz	0.2700	10.28	177.1	PASS
heart1	ell-omp	16	static	row	0.1419	19.56	337.1	PASS
heart1	ell-omp	16	dynamic,16	row	0.1422	19.52	336.3	PASS
heart1	ell-omp	16	dynamic,64	row	0.1530	18.14	312.6	PASS
heart1	ell-omp	16	dynamic,256	row	0.1595	17.41	299.9	PASS
heart1	ell-omp	16	guided	row	0.1394	19.91	343.0	PASS
heart1	ell-omp	16	any	nnz	0.1913	14.51	250.0	PASS
